{"cameraMode":{"drawMode":0,"name":"Shaded","section":"Shading Mode"},"sceneLighting":false,"audioPlay":false,"sceneViewState":{"m_AlwaysRefresh":false,"showFog":true,"showSkybox":false,"showFlares":true,"showImageEffects":true,"showParticleSystems":true,"showVisualEffectGraphs":true,"m_FxEnabled":true},"in2DMode":false,"pivot":{"x":0.32835233211517336,"y":-0.41158461570739748,"z":-4.250499725341797},"rotation":{"x":0.015246659517288208,"y":-0.008955994620919228,"z":-0.0004917442565783858,"w":-0.9998929500579834},"size":0.03296659141778946,"orthographic":false}