{"cameraMode":{"drawMode":0,"name":"Shaded","section":"Shading Mode"},"sceneLighting":false,"audioPlay":false,"sceneViewState":{"m_AlwaysRefresh":false,"showFog":true,"showSkybox":false,"showFlares":true,"showImageEffects":true,"showParticleSystems":true,"showVisualEffectGraphs":true,"m_FxEnabled":true},"in2DMode":false,"pivot":{"x":-0.6857783794403076,"y":-18.772401809692384,"z":33.72677230834961},"rotation":{"x":0.2641465663909912,"y":-0.012272210791707039,"z":0.006636493839323521,"w":0.9645615816116333},"size":20.313352584838868,"orthographic":false}