{"cameraMode":{"drawMode":0,"name":"Shaded","section":"Shading Mode"},"sceneLighting":false,"audioPlay":false,"sceneViewState":{"m_AlwaysRefresh":false,"showFog":true,"showSkybox":false,"showFlares":true,"showImageEffects":true,"showParticleSystems":true,"showVisualEffectGraphs":true,"m_FxEnabled":true},"in2DMode":false,"pivot":{"x":14.872203826904297,"y":-91.82038116455078,"z":1976.9862060546875},"rotation":{"x":0.040816374123096469,"y":-0.005958136171102524,"z":0.003393875900655985,"w":0.9993147253990173},"size":1028.102783203125,"orthographic":false}