{"cameraMode":{"drawMode":0,"name":"Shaded","section":"Shading Mode"},"sceneLighting":false,"audioPlay":false,"sceneViewState":{"m_AlwaysRefresh":false,"showFog":true,"showSkybox":false,"showFlares":true,"showImageEffects":true,"showParticleSystems":true,"showVisualEffectGraphs":true,"m_FxEnabled":true},"in2DMode":false,"pivot":{"x":0.08859870582818985,"y":-0.1128263771533966,"z":-0.11366165429353714},"rotation":{"x":-0.06411543488502503,"y":0.6003063321113586,"z":-0.051441244781017306,"w":-0.7957022190093994},"size":0.7152631282806397,"orthographic":false}