{"cameraMode":{"drawMode":0,"name":"Shaded","section":"Shading Mode"},"sceneLighting":false,"audioPlay":false,"sceneViewState":{"m_AlwaysRefresh":false,"showFog":true,"showSkybox":false,"showFlares":true,"showImageEffects":true,"showParticleSystems":true,"showVisualEffectGraphs":true,"m_FxEnabled":true},"in2DMode":false,"pivot":{"x":0.7794586420059204,"y":-0.30244630575180056,"z":-0.3606853485107422},"rotation":{"x":-0.06974249333143234,"y":-0.13134993612766267,"z":0.008060130290687085,"w":-0.988937497138977},"size":1.4963738918304444,"orthographic":false}